,PatientIndex,FatFraction
0,39,1.841321791
1,19,6.961538588
2,5,24.62409544
3,38,-0.48644972
4,2,1.508953172
5,13,5.011798243
6,36,4.55012086
7,34,1.402581569
8,32,23.45504566
9,1,1.68287334
10,33,12.19410562
11,20,7.045922515
12,37,1.409120455
13,3,5.810370761
14,15,-2.221291699
15,22,-0.138241124
16,31,1.746737642
17,21,0.943072695
18,8,3.321202719
19,10,7.682899314
